generated_at,asset,isin,ticker_used,source,price,trailing_pe,forward_pe,return_ytd_pct,return_1y_pct,volatility_1y_pct,return_5y_pct,volatility_5y_pct,return_10y_pct,volatility_10y_pct,sharpe_1y,max_drawdown_pct,ath_52w,pct_below_ath,notes
2026-10-06T22:20:20.161150+00:00,XEON,LU0290358497,XEON.DE,yfinance,150.39999389648438,,,1.549575122480884,2.0477331253577757,0.19485058666313365,11.12260549141013,0.25273348358672076,8.252830614313012,0.394441587767365,,-0.5208773133364208,150.39999389648438,0.0,"max_drawdown_pct calculado sobre os ultimos 5 anos (historico mais longo disponivel); P/E nao disponivel para este activo (comum em ETFs sem componente de acoes com lucros, como obrigacoes, ouro ou cash, ou quando o yfinance nao publica o campo para este fundo); sharpe_1y nao aplicavel (instrumento usado como taxa livre de risco)"
2026-10-06T22:20:20.161150+00:00,FLXI,IE00BHZRQZ17,FLXI.DE,yfinance,34.63999938964844,,,-10.594914583564908,-7.921317455728671,14.772804333988754,11.796026165240093,15.88216931830478,,19.6561841437794,-0.6748245191435996,-24.761253985894637,39.790000915527344,-12.94295402709883,"Ticker a confirmar; alternativa FRIN.L (LSE).; historico insuficiente (<10 anos) para retorno/volatilidade a 10 anos; max_drawdown_pct calculado sobre os ultimos 5 anos (historico mais longo disponivel); P/E nao disponivel para este activo (comum em ETFs sem componente de acoes com lucros, como obrigacoes, ouro ou cash, ou quando o yfinance nao publica o campo para este fundo)"
2026-10-06T22:20:20.161150+00:00,4GLD,DE000A0S9GB0,4GLD.DE,yfinance,118.69000244140625,,,0.39756489244631155,9.301046545842272,26.0053082521923,142.90860715378705,16.852930051852756,230.70494416235454,14.691600164172652,0.2789166484836044,-22.489523413781864,145.49000549316406,-18.42051140276919,"max_drawdown_pct calculado sobre os ultimos 5 anos (historico mais longo disponivel); P/E nao disponivel para este activo (comum em ETFs sem componente de acoes com lucros, como obrigacoes, ouro ou cash, ou quando o yfinance nao publica o campo para este fundo)"
2026-10-06T22:20:20.161150+00:00,EMXC,LU2009202107,EMXC.DE,yfinance,43.904998779296875,,,44.82928585131136,57.19655674747961,32.60738976994107,96.70698646773725,19.55463701345389,,21.154467577229312,1.691298322595587,-20.482849028545914,44.80500030517578,-2.008707777589147,"historico insuficiente (<10 anos) para retorno/volatilidade a 10 anos; max_drawdown_pct calculado sobre os ultimos 5 anos (historico mais longo disponivel); P/E nao disponivel para este activo (comum em ETFs sem componente de acoes com lucros, como obrigacoes, ouro ou cash, ou quando o yfinance nao publica o campo para este fundo)"
2026-10-06T22:20:20.161150+00:00,MEUD,LU0908500753,MEUD.PA,yfinance,312.6499938964844,17.66046,,8.812170155393995,14.147499402517273,12.835891000566896,,13.187185961432673,,13.187185961432673,0.942651061513775,-16.179756870039707,325.20001220703125,-3.8591690773237652,historico insuficiente (<5 anos) para retorno/volatilidade a 5 anos; historico insuficiente (<10 anos) para retorno/volatilidade a 10 anos
2026-10-06T22:20:20.161150+00:00,EUDF,IE0002Y8CX98,EUDF.DE,yfinance,30.655000686645508,31.300877,,-0.4222808556470725,-8.31464205910356,27.654008188102953,,29.076843521630725,,29.076843521630725,-0.3747151267901678,-19.505299274997235,35.375,-13.342754242698208,Ticker a confirmar; alternativa WDEF.L (LSE).; historico insuficiente (<5 anos) para retorno/volatilidade a 5 anos; historico insuficiente (<10 anos) para retorno/volatilidade a 10 anos
2026-10-06T22:20:20.161150+00:00,QDVE,IE00BJK9422,QDVE.DE,yfinance,48.97999954223633,,,37.29502617999789,36.94953272224224,22.566570494138606,193.46913106615986,23.21694582875008,892.502535160098,22.023349739747974,1.5466151405659885,-29.82743631010617,48.97999954223633,0.0,"max_drawdown_pct calculado sobre os ultimos 5 anos (historico mais longo disponivel); P/E nao disponivel para este activo (comum em ETFs sem componente de acoes com lucros, como obrigacoes, ouro ou cash, ou quando o yfinance nao publica o campo para este fundo)"
2026-10-06T22:20:20.161150+00:00,WEBN,IE0003XJA0J9,WEBN.DE,yfinance,13.338000297546387,,,19.068029791553798,21.51968386947103,24.341816360322696,,20.259854209956178,,20.259854209956178,0.7999382813458674,-21.21774843286368,13.338000297546387,0.0,"historico insuficiente (<5 anos) para retorno/volatilidade a 5 anos; historico insuficiente (<10 anos) para retorno/volatilidade a 10 anos; P/E nao disponivel para este activo (comum em ETFs sem componente de acoes com lucros, como obrigacoes, ouro ou cash, ou quando o yfinance nao publica o campo para este fundo)"
2026-10-06T22:20:20.161150+00:00,EUNN,IE00B4L5YX21,EUNN.DE,yfinance,75.91000366210938,,,28.443325925548212,29.27012619513798,19.30902614938362,68.53534123335298,16.323601470660694,143.92674040808066,16.198058029923036,1.4098273449512726,-18.040377532591943,75.91000366210938,0.0,"max_drawdown_pct calculado sobre os ultimos 5 anos (historico mais longo disponivel); P/E nao disponivel para este activo (comum em ETFs sem componente de acoes com lucros, como obrigacoes, ouro ou cash, ou quando o yfinance nao publica o campo para este fundo)"
2026-10-06T22:20:20.161150+00:00,SP2Q,IE00BNGJJT35,SP2Q.DE,yfinance,64.43000030517578,,,15.797988878415925,16.341637888250315,9.913812626118773,50.97832796027888,14.826474027569164,,15.160982150842676,1.4418171194030887,-22.733365247141503,65.75,-2.007604098591964,"Ticker Yahoo a confirmar (SP2Q); cobertura directa pode nao existir. Fallback Twelve Data usa RSP (Invesco S&P 500 Equal Weight ETF, US) como PROXY do mesmo indice - nao e o mesmo fundo UCITS, serve apenas de aproximacao quando SP2Q nao tem dados.; historico insuficiente (<10 anos) para retorno/volatilidade a 10 anos; max_drawdown_pct calculado sobre os ultimos 5 anos (historico mais longo disponivel); P/E nao disponivel para este activo (comum em ETFs sem componente de acoes com lucros, como obrigacoes, ouro ou cash, ou quando o yfinance nao publica o campo para este fundo)"
2026-10-06T22:20:20.161150+00:00,IUSN,IE00BF4RFH31,IUSN.DE,yfinance,9.138999938964844,,,17.892158279921876,19.38601813824963,13.613436989520078,44.10280554983714,16.481907834149332,,18.11506546137828,1.2736155480970193,-24.315517984407485,9.32800006866455,-2.0261591799791367,"historico insuficiente (<10 anos) para retorno/volatilidade a 10 anos; max_drawdown_pct calculado sobre os ultimos 5 anos (historico mais longo disponivel); P/E nao disponivel para este activo (comum em ETFs sem componente de acoes com lucros, como obrigacoes, ouro ou cash, ou quando o yfinance nao publica o campo para este fundo)"
2026-10-06T22:20:20.161150+00:00,XAIX,IE00BGV5VN51,XAIX.DE,yfinance,225.5500030517578,,,45.91150238066917,48.74044049037023,32.37630671406107,175.16164412937786,23.579536493092572,,22.89830152960758,1.442187578014689,-33.0804754347501,225.5500030517578,0.0,"historico insuficiente (<10 anos) para retorno/volatilidade a 10 anos; max_drawdown_pct calculado sobre os ultimos 5 anos (historico mais longo disponivel); P/E nao disponivel para este activo (comum em ETFs sem componente de acoes com lucros, como obrigacoes, ouro ou cash, ou quando o yfinance nao publica o campo para este fundo)"
