data_recolha,finalidade,montante_eur,prazo_meses,prestacao_mensal_eur,taeg_pct,tan_pct,mtic_eur
2026-09-04,Pagar Despesas / Férias e Lazer,5000.0,54,124.03,15.3,12.97,6785.62
2026-09-04,Pagar Despesas / Férias e Lazer,5000.0,60,115.24,15.3,13.05,7002.4
2026-09-04,Pagar Despesas / Férias e Lazer,5000.0,66,108.09,15.3,13.11,7221.94
2026-09-04,Pagar Despesas / Férias e Lazer,5000.0,72,102.17,15.3,13.15,7444.24
2026-09-04,Pagar Despesas / Férias e Lazer,5000.0,78,97.25,15.3,13.2,7673.5
2026-09-04,Pagar Despesas / Férias e Lazer,5000.0,84,93.04,15.3,13.23,7903.36
2026-09-04,Pagar Despesas / Férias e Lazer,10000.0,54,248.05,15.3,12.97,13570.7
2026-09-04,Pagar Despesas / Férias e Lazer,10000.0,60,229.35,15.1,12.84,13937.0
2026-09-04,Pagar Despesas / Férias e Lazer,10000.0,66,213.2,14.7,12.56,14247.2
2026-09-04,Pagar Despesas / Férias e Lazer,10000.0,72,200.2,14.4,12.4,14590.4
2026-09-04,Pagar Despesas / Férias e Lazer,10000.0,78,188.18,14.0,12.07,14854.04
2026-09-04,Pagar Despesas / Férias e Lazer,10000.0,84,174.21,12.8,11.12,14809.64
2026-09-04,Pagar Despesas / Férias e Lazer,15000.0,54,372.08,15.3,12.97,20356.32
2026-09-04,Pagar Despesas / Férias e Lazer,15000.0,60,344.02,15.1,12.84,20905.2
2026-09-04,Pagar Despesas / Férias e Lazer,15000.0,66,319.79,14.7,12.56,21370.14
2026-09-04,Pagar Despesas / Férias e Lazer,15000.0,72,300.29,14.4,12.4,21884.88
2026-09-04,Pagar Despesas / Férias e Lazer,15000.0,78,282.27,14.0,12.07,22281.06
2026-09-04,Pagar Despesas / Férias e Lazer,15000.0,84,259.91,12.6,10.95,22096.44
2026-09-04,Pagar Despesas / Férias e Lazer,20000.0,54,496.1,15.3,12.97,27141.4
2026-09-04,Pagar Despesas / Férias e Lazer,20000.0,60,458.69,15.1,12.84,27873.4
2026-09-04,Pagar Despesas / Férias e Lazer,20000.0,66,426.39,14.7,12.56,28493.74
2026-09-04,Pagar Despesas / Férias e Lazer,20000.0,72,400.39,14.4,12.4,29180.08
2026-09-04,Pagar Despesas / Férias e Lazer,20000.0,78,376.36,14.0,12.07,29708.08
2026-09-04,Pagar Despesas / Férias e Lazer,20000.0,84,346.55,12.6,10.95,29462.2
2026-09-04,Pagar Despesas / Férias e Lazer,25000.0,54,620.12,15.3,12.97,33926.48
2026-09-04,Pagar Despesas / Férias e Lazer,25000.0,60,573.37,15.1,12.84,34842.2
2026-09-04,Pagar Despesas / Férias e Lazer,25000.0,66,532.99,14.7,12.56,35617.34
2026-09-04,Pagar Despesas / Férias e Lazer,25000.0,72,500.49,14.4,12.4,36475.28
2026-09-04,Pagar Despesas / Férias e Lazer,25000.0,78,470.45,14.0,12.07,37135.1
2026-09-04,Pagar Despesas / Férias e Lazer,25000.0,84,433.18,12.6,10.95,36827.12
2026-09-04,Pagar Despesas / Férias e Lazer,30000.0,54,744.15,15.3,12.97,40712.1
2026-09-04,Pagar Despesas / Férias e Lazer,30000.0,60,688.04,15.1,12.84,41810.4
2026-09-04,Pagar Despesas / Férias e Lazer,30000.0,66,639.58,14.7,12.56,42740.28
2026-09-04,Pagar Despesas / Férias e Lazer,30000.0,72,600.58,14.4,12.4,43769.76
2026-09-04,Pagar Despesas / Férias e Lazer,30000.0,78,564.54,14.0,12.07,44562.12
2026-09-04,Pagar Despesas / Férias e Lazer,30000.0,84,519.82,12.6,10.95,44192.88
2026-09-04,Pagar Despesas / Férias e Lazer,35000.0,54,868.17,15.3,12.97,47497.18
2026-09-04,Pagar Despesas / Férias e Lazer,35000.0,60,802.71,15.1,12.84,48778.6
2026-09-04,Pagar Despesas / Férias e Lazer,35000.0,66,746.18,14.7,12.56,49863.88
2026-09-04,Pagar Despesas / Férias e Lazer,35000.0,72,700.68,14.4,12.4,51064.96
2026-09-04,Pagar Despesas / Férias e Lazer,35000.0,78,658.62,14.0,12.07,51988.36
2026-09-04,Pagar Despesas / Férias e Lazer,35000.0,84,606.45,12.6,10.95,51557.8
2026-09-04,Pagar Despesas / Férias e Lazer,40000.0,54,992.19,15.3,12.97,54282.26
2026-09-04,Pagar Despesas / Férias e Lazer,40000.0,60,917.38,15.1,12.84,55746.8
2026-09-04,Pagar Despesas / Férias e Lazer,40000.0,66,852.77,14.7,12.56,56986.82
2026-09-04,Pagar Despesas / Férias e Lazer,40000.0,72,800.78,14.4,12.4,58360.16
2026-09-04,Pagar Despesas / Férias e Lazer,40000.0,78,752.71,14.0,12.07,59415.38
2026-09-04,Pagar Despesas / Férias e Lazer,40000.0,84,693.09,12.6,10.95,58923.56
2026-09-04,Pagar Despesas / Férias e Lazer,45000.0,54,1116.22,15.3,12.97,61067.88
2026-09-04,Pagar Despesas / Férias e Lazer,45000.0,60,1032.06,15.1,12.84,62715.6
2026-09-04,Pagar Despesas / Férias e Lazer,45000.0,66,959.37,14.7,12.56,64110.42
2026-09-04,Pagar Despesas / Férias e Lazer,45000.0,72,900.87,14.4,12.4,65654.64
2026-09-04,Pagar Despesas / Férias e Lazer,45000.0,78,846.8,14.0,12.07,66842.4
2026-09-04,Pagar Despesas / Férias e Lazer,45000.0,84,779.73,12.6,10.95,66289.32
2026-09-04,Pagar Despesas / Férias e Lazer,50000.0,54,1240.24,15.3,12.97,67852.96
2026-09-04,Pagar Despesas / Férias e Lazer,50000.0,60,1146.73,15.1,12.84,69683.8
2026-09-04,Pagar Despesas / Férias e Lazer,50000.0,66,1065.97,14.7,12.56,71234.02
2026-09-04,Pagar Despesas / Férias e Lazer,50000.0,72,1000.97,14.4,12.4,72949.84
2026-09-04,Pagar Despesas / Férias e Lazer,50000.0,78,940.89,14.0,12.07,74269.42
2026-09-04,Pagar Despesas / Férias e Lazer,50000.0,84,866.36,12.6,10.95,73654.24
2026-09-04,Lar e Recheio,5000.0,24,236.62,15.3,12.05,5766.88
2026-09-04,Lar e Recheio,5000.0,30,195.79,15.3,12.37,5961.7
2026-09-04,Lar e Recheio,5000.0,36,168.68,15.3,12.58,6160.48
2026-09-04,Lar e Recheio,5000.0,42,149.4,15.3,12.73,6362.8
2026-09-04,Lar e Recheio,5000.0,48,135.05,15.3,12.85,6570.4
2026-09-04,Lar e Recheio,5000.0,54,124.03,15.3,12.97,6785.62
2026-09-04,Lar e Recheio,5000.0,60,115.24,15.3,13.05,7002.4
2026-09-04,Lar e Recheio,5000.0,66,108.09,15.3,13.11,7221.94
2026-09-04,Lar e Recheio,5000.0,72,102.17,15.3,13.15,7444.24
2026-09-04,Lar e Recheio,5000.0,78,97.25,15.3,13.2,7673.5
2026-09-04,Lar e Recheio,5000.0,84,93.04,15.3,13.23,7903.36
2026-09-04,Lar e Recheio,10000.0,24,473.23,15.3,12.05,11533.52
2026-09-04,Lar e Recheio,10000.0,30,391.58,15.3,12.37,11923.4
2026-09-04,Lar e Recheio,10000.0,36,337.35,15.3,12.58,12320.6
2026-09-04,Lar e Recheio,10000.0,42,298.8,15.3,12.73,12725.6
2026-09-04,Lar e Recheio,10000.0,48,270.09,15.3,12.85,13140.32
2026-09-04,Lar e Recheio,10000.0,54,248.05,15.3,12.97,13570.7
2026-09-04,Lar e Recheio,10000.0,60,229.35,15.1,12.84,13937.0
2026-09-04,Lar e Recheio,10000.0,66,213.2,14.7,12.56,14247.2
2026-09-04,Lar e Recheio,10000.0,72,200.2,14.4,12.4,14590.4
2026-09-04,Lar e Recheio,10000.0,78,188.18,14.0,12.07,14854.04
2026-09-04,Lar e Recheio,10000.0,84,174.21,12.8,11.12,14809.64
2026-09-04,Lar e Recheio,15000.0,24,709.84,15.3,12.05,17300.16
2026-09-04,Lar e Recheio,15000.0,30,587.37,15.3,12.37,17885.1
2026-09-04,Lar e Recheio,15000.0,36,506.02,15.3,12.58,18480.72
2026-09-04,Lar e Recheio,15000.0,42,448.19,15.3,12.73,19087.98
2026-09-04,Lar e Recheio,15000.0,48,405.13,15.3,12.85,19710.24
2026-09-04,Lar e Recheio,15000.0,54,372.08,15.3,12.97,20356.32
2026-09-04,Lar e Recheio,15000.0,60,344.02,15.1,12.84,20905.2
2026-09-04,Lar e Recheio,15000.0,66,319.79,14.7,12.56,21370.14
2026-09-04,Lar e Recheio,15000.0,72,300.29,14.4,12.4,21884.88
2026-09-04,Lar e Recheio,15000.0,78,282.27,14.0,12.07,22281.06
2026-09-04,Lar e Recheio,15000.0,84,259.91,12.6,10.95,22096.44
2026-09-04,Lar e Recheio,20000.0,24,946.45,15.3,12.05,23066.8
2026-09-04,Lar e Recheio,20000.0,30,783.15,15.3,12.37,23846.5
2026-09-04,Lar e Recheio,20000.0,36,674.69,15.3,12.58,24640.84
2026-09-04,Lar e Recheio,20000.0,42,597.59,15.3,12.73,25450.78
2026-09-04,Lar e Recheio,20000.0,48,540.18,15.3,12.85,26280.64
2026-09-04,Lar e Recheio,20000.0,54,496.1,15.3,12.97,27141.4
2026-09-04,Lar e Recheio,20000.0,60,458.69,15.1,12.84,27873.4
2026-09-04,Lar e Recheio,20000.0,66,426.39,14.7,12.56,28493.74
2026-09-04,Lar e Recheio,20000.0,72,400.39,14.4,12.4,29180.08
2026-09-04,Lar e Recheio,20000.0,78,376.36,14.0,12.07,29708.08
2026-09-04,Lar e Recheio,20000.0,84,346.55,12.6,10.95,29462.2
2026-09-04,Lar e Recheio,25000.0,24,1183.06,15.3,12.05,28833.44
2026-09-04,Lar e Recheio,25000.0,30,978.94,15.3,12.37,29808.2
2026-09-04,Lar e Recheio,25000.0,36,843.36,15.3,12.58,30800.96
2026-09-04,Lar e Recheio,25000.0,42,746.98,15.3,12.73,31813.16
2026-09-04,Lar e Recheio,25000.0,48,675.22,15.3,12.85,32850.56
2026-09-04,Lar e Recheio,25000.0,54,620.12,15.3,12.97,33926.48
2026-09-04,Lar e Recheio,25000.0,60,573.37,15.1,12.84,34842.2
2026-09-04,Lar e Recheio,25000.0,66,532.99,14.7,12.56,35617.34
2026-09-04,Lar e Recheio,25000.0,72,500.49,14.4,12.4,36475.28
2026-09-04,Lar e Recheio,25000.0,78,470.45,14.0,12.07,37135.1
2026-09-04,Lar e Recheio,25000.0,84,433.18,12.6,10.95,36827.12
2026-09-04,Lar e Recheio,30000.0,24,1419.67,15.3,12.05,34600.08
2026-09-04,Lar e Recheio,30000.0,30,1174.73,15.3,12.37,35769.9
2026-09-04,Lar e Recheio,30000.0,36,1012.03,15.3,12.58,36961.08
2026-09-04,Lar e Recheio,30000.0,42,896.38,15.3,12.73,38175.96
2026-09-04,Lar e Recheio,30000.0,48,810.26,15.3,12.85,39420.48
2026-09-04,Lar e Recheio,30000.0,54,744.15,15.3,12.97,40712.1
2026-09-04,Lar e Recheio,30000.0,60,688.04,15.1,12.84,41810.4
2026-09-04,Lar e Recheio,30000.0,66,639.58,14.7,12.56,42740.28
2026-09-04,Lar e Recheio,30000.0,72,600.58,14.4,12.4,43769.76
2026-09-04,Lar e Recheio,30000.0,78,564.54,14.0,12.07,44562.12
2026-09-04,Lar e Recheio,30000.0,84,519.82,12.6,10.95,44192.88
2026-09-04,Lar e Recheio,35000.0,24,1656.29,15.3,12.05,40366.96
2026-09-04,Lar e Recheio,35000.0,30,1370.51,15.3,12.37,41731.3
2026-09-04,Lar e Recheio,35000.0,36,1180.7,15.3,12.58,43121.2
2026-09-04,Lar e Recheio,35000.0,42,1045.78,15.3,12.73,44538.76
2026-09-04,Lar e Recheio,35000.0,48,945.3,15.3,12.85,45990.4
2026-09-04,Lar e Recheio,35000.0,54,868.17,15.3,12.97,47497.18
2026-09-04,Lar e Recheio,35000.0,60,802.71,15.1,12.84,48778.6
2026-09-04,Lar e Recheio,35000.0,66,746.18,14.7,12.56,49863.88
2026-09-04,Lar e Recheio,35000.0,72,700.68,14.4,12.4,51064.96
2026-09-04,Lar e Recheio,35000.0,78,658.62,14.0,12.07,51988.36
2026-09-04,Lar e Recheio,35000.0,84,606.45,12.6,10.95,51557.8
2026-09-04,Lar e Recheio,40000.0,24,1892.9,15.3,12.05,46133.6
2026-09-04,Lar e Recheio,40000.0,30,1566.3,15.3,12.37,47693.0
2026-09-04,Lar e Recheio,40000.0,36,1349.37,15.3,12.58,49281.32
2026-09-04,Lar e Recheio,40000.0,42,1195.17,15.3,12.73,50901.14
2026-09-04,Lar e Recheio,40000.0,48,1080.35,15.3,12.85,52560.8
2026-09-04,Lar e Recheio,40000.0,54,992.19,15.3,12.97,54282.26
2026-09-04,Lar e Recheio,40000.0,60,917.38,15.1,12.84,55746.8
2026-09-04,Lar e Recheio,40000.0,66,852.77,14.7,12.56,56986.82
2026-09-04,Lar e Recheio,40000.0,72,800.78,14.4,12.4,58360.16
2026-09-04,Lar e Recheio,40000.0,78,752.71,14.0,12.07,59415.38
2026-09-04,Lar e Recheio,40000.0,84,693.09,12.6,10.95,58923.56
2026-09-04,Lar e Recheio,45000.0,24,2129.51,15.3,12.05,51900.24
2026-09-04,Lar e Recheio,45000.0,30,1762.09,15.3,12.37,53654.7
2026-09-04,Lar e Recheio,45000.0,36,1518.04,15.3,12.58,55441.44
2026-09-04,Lar e Recheio,45000.0,42,1344.57,15.3,12.73,57263.94
2026-09-04,Lar e Recheio,45000.0,48,1215.39,15.3,12.85,59130.72
2026-09-04,Lar e Recheio,45000.0,54,1116.22,15.3,12.97,61067.88
2026-09-04,Lar e Recheio,45000.0,60,1032.06,15.1,12.84,62715.6
2026-09-04,Lar e Recheio,45000.0,66,959.37,14.7,12.56,64110.42
2026-09-04,Lar e Recheio,45000.0,72,900.87,14.4,12.4,65654.64
2026-09-04,Lar e Recheio,45000.0,78,846.8,14.0,12.07,66842.4
2026-09-04,Lar e Recheio,45000.0,84,779.73,12.6,10.95,66289.32
2026-09-04,Lar e Recheio,50000.0,24,2366.12,15.3,12.05,57666.88
2026-09-04,Lar e Recheio,50000.0,30,1957.87,15.3,12.37,59616.1
2026-09-04,Lar e Recheio,50000.0,36,1686.71,15.3,12.58,61601.56
2026-09-04,Lar e Recheio,50000.0,42,1493.96,15.3,12.73,63626.32
2026-09-04,Lar e Recheio,50000.0,48,1350.43,15.3,12.85,65700.64
2026-09-04,Lar e Recheio,50000.0,54,1240.24,15.3,12.97,67852.96
2026-09-04,Lar e Recheio,50000.0,60,1146.73,15.1,12.84,69683.8
2026-09-04,Lar e Recheio,50000.0,66,1065.97,14.7,12.56,71234.02
2026-09-04,Lar e Recheio,50000.0,72,1000.97,14.4,12.4,72949.84
2026-09-04,Lar e Recheio,50000.0,78,940.89,14.0,12.07,74269.42
2026-09-04,Lar e Recheio,50000.0,84,866.36,12.6,10.95,73654.24
2026-09-04,Formação,5000.0,24,223.44,8.9,6.55,5450.56
2026-09-04,Formação,5000.0,30,182.47,8.9,6.86,5562.1
2026-09-04,Formação,5000.0,36,155.22,8.9,7.08,5675.92
2026-09-04,Formação,5000.0,42,135.75,8.9,7.22,5789.5
2026-09-04,Formação,5000.0,48,121.21,8.9,7.34,5906.08
2026-09-04,Formação,5000.0,54,109.92,8.9,7.43,6023.68
2026-09-04,Formação,5000.0,60,100.91,8.9,7.5,6142.6
2026-09-04,Formação,5000.0,66,93.59,8.9,7.57,6264.94
2026-09-04,Formação,5000.0,72,87.46,8.9,7.61,6385.12
2026-09-04,Formação,5000.0,78,82.31,8.9,7.65,6508.18
2026-09-04,Formação,5000.0,84,77.93,8.9,7.69,6634.12
2026-09-04,Formação,10000.0,24,446.88,8.9,6.55,10901.12
2026-09-04,Formação,10000.0,30,364.94,8.9,6.86,11124.2
2026-09-04,Formação,10000.0,36,310.44,8.9,7.08,11351.84
2026-09-04,Formação,10000.0,42,271.5,8.9,7.22,11579.0
2026-09-04,Formação,10000.0,48,242.42,8.9,7.34,11812.16
2026-09-04,Formação,10000.0,54,219.84,8.9,7.43,12047.36
2026-09-04,Formação,10000.0,60,201.81,8.9,7.5,12284.6
2026-09-04,Formação,10000.0,66,187.17,8.9,7.57,12529.22
2026-09-04,Formação,10000.0,72,174.92,8.9,7.61,12770.24
2026-09-04,Formação,10000.0,78,164.62,8.9,7.65,13016.36
2026-09-04,Formação,10000.0,84,155.86,8.9,7.69,13268.24
2026-09-04,Formação,10000.0,90,148.27,8.9,7.72,13520.3
2026-09-04,Formação,10000.0,96,141.68,8.9,7.75,13777.28
2026-09-04,Formação,10000.0,102,135.91,8.9,7.78,14038.82
2026-09-04,Formação,10000.0,108,130.77,8.9,7.8,14299.16
2026-09-04,Formação,10000.0,114,126.21,8.9,7.82,14563.94
2026-09-04,Formação,10000.0,120,122.09,8.9,7.83,14826.8
2026-09-04,Formação,15000.0,24,670.32,8.9,6.55,16351.68
2026-09-04,Formação,15000.0,30,547.4,8.9,6.86,16686.0
2026-09-04,Formação,15000.0,36,465.66,8.9,7.08,17027.76
2026-09-04,Formação,15000.0,42,407.24,8.9,7.22,17368.08
2026-09-04,Formação,15000.0,48,363.62,8.9,7.34,17717.76
2026-09-04,Formação,15000.0,54,329.76,8.9,7.43,18071.04
2026-09-04,Formação,15000.0,60,302.72,8.9,7.5,18427.2
2026-09-04,Formação,15000.0,66,280.76,8.9,7.57,18794.16
2026-09-04,Formação,15000.0,72,262.38,8.9,7.61,19155.36
2026-09-04,Formação,15000.0,78,246.93,8.9,7.65,19524.54
2026-09-04,Formação,15000.0,84,233.78,8.9,7.69,19901.52
2026-09-04,Formação,15000.0,90,222.4,8.9,7.72,20280.0
2026-09-04,Formação,15000.0,96,212.51,8.9,7.75,20664.96
2026-09-04,Formação,15000.0,102,203.86,8.9,7.78,21057.72
2026-09-04,Formação,15000.0,108,196.16,8.9,7.8,21449.28
2026-09-04,Formação,15000.0,114,189.32,8.9,7.82,21846.48
2026-09-04,Formação,15000.0,120,183.13,8.9,7.83,22239.6
2026-09-04,Formação,20000.0,24,893.75,8.9,6.55,21802.0
2026-09-04,Formação,20000.0,30,729.87,8.9,6.86,22248.1
2026-09-04,Formação,20000.0,36,620.87,8.9,7.08,22703.32
2026-09-04,Formação,20000.0,42,542.99,8.9,7.22,23157.58
2026-09-04,Formação,20000.0,48,484.83,8.9,7.34,23623.84
2026-09-04,Formação,20000.0,54,439.67,8.9,7.43,24094.18
2026-09-04,Formação,20000.0,60,403.62,8.9,7.5,24569.2
2026-09-04,Formação,20000.0,66,374.34,8.9,7.57,25058.44
2026-09-04,Formação,20000.0,72,349.83,8.9,7.61,25539.76
2026-09-04,Formação,20000.0,78,329.23,8.9,7.65,26031.94
2026-09-04,Formação,20000.0,84,311.71,8.9,7.69,26535.64
2026-09-04,Formação,20000.0,90,296.53,8.9,7.72,27039.7
2026-09-04,Formação,20000.0,96,283.35,8.9,7.75,27553.6
2026-09-04,Formação,20000.0,102,271.81,8.9,7.78,28076.62
2026-09-04,Formação,20000.0,108,261.54,8.9,7.8,28598.32
2026-09-04,Formação,20000.0,114,252.42,8.9,7.82,29127.88
2026-09-04,Formação,20000.0,120,244.18,8.9,7.83,29653.6
2026-09-04,Eficiência Energética,10000.0,84,155.91,8.9,7.7,13272.44
2026-09-04,Eficiência Energética,15000.0,54,329.9,8.9,7.45,18078.6
2026-09-04,Eficiência Energética,15000.0,60,302.72,8.9,7.5,18427.2
2026-09-04,Eficiência Energética,15000.0,66,280.61,8.9,7.55,18784.26
2026-09-04,Eficiência Energética,15000.0,72,262.3,8.9,7.6,19149.6
2026-09-04,Eficiência Energética,15000.0,78,246.93,8.9,7.65,19524.54
2026-09-04,Eficiência Energética,15000.0,84,233.86,8.9,7.7,19908.24
2026-09-04,Eficiência Energética,20000.0,54,439.87,8.9,7.45,24104.98
2026-09-04,Eficiência Energética,20000.0,60,403.62,8.9,7.5,24569.2
2026-09-04,Eficiência Energética,20000.0,66,374.14,8.9,7.55,25045.24
2026-09-04,Eficiência Energética,20000.0,72,349.73,8.9,7.6,25532.56
2026-09-04,Eficiência Energética,20000.0,78,329.23,8.9,7.65,26031.94
2026-09-04,Eficiência Energética,20000.0,84,311.81,8.9,7.7,26544.04
2026-09-04,Eficiência Energética,25000.0,54,549.83,8.9,7.45,30130.82
2026-09-04,Eficiência Energética,25000.0,60,504.53,8.9,7.5,30711.8
2026-09-04,Eficiência Energética,25000.0,66,467.67,8.9,7.55,31306.22
2026-09-04,Eficiência Energética,25000.0,72,437.17,8.9,7.6,31916.24
2026-09-04,Eficiência Energética,25000.0,78,411.54,8.9,7.65,32540.12
2026-09-04,Eficiência Energética,25000.0,84,389.76,8.9,7.7,33179.84
2026-09-04,Eficiência Energética,30000.0,54,659.8,8.9,7.45,36157.2
2026-09-04,Eficiência Energética,30000.0,60,605.43,8.9,7.5,36853.8
2026-09-04,Eficiência Energética,30000.0,66,561.21,8.9,7.55,37567.86
2026-09-04,Eficiência Energética,30000.0,72,524.6,8.9,7.6,38299.2
2026-09-04,Eficiência Energética,30000.0,78,493.85,8.9,7.65,39048.3
2026-09-04,Eficiência Energética,30000.0,84,467.71,8.9,7.7,39815.64
2026-09-04,Eficiência Energética,35000.0,54,769.77,8.9,7.45,42183.58
2026-09-04,Eficiência Energética,35000.0,60,706.33,8.9,7.5,42995.8
2026-09-04,Eficiência Energética,35000.0,66,654.74,8.9,7.55,43828.84
2026-09-04,Eficiência Energética,35000.0,72,612.03,8.9,7.6,44682.16
2026-09-04,Eficiência Energética,35000.0,78,576.16,8.9,7.65,45556.48
2026-09-04,Eficiência Energética,35000.0,84,545.66,8.9,7.7,46451.44
2026-09-04,Eficiência Energética,40000.0,54,879.73,8.9,7.45,48209.42
2026-09-04,Eficiência Energética,40000.0,60,807.24,8.9,7.5,49138.4
2026-09-04,Eficiência Energética,40000.0,66,748.27,8.9,7.55,50089.82
2026-09-04,Eficiência Energética,40000.0,72,699.46,8.9,7.6,51065.12
2026-09-04,Eficiência Energética,40000.0,78,658.46,8.9,7.65,52063.88
2026-09-04,Eficiência Energética,40000.0,84,623.61,8.9,7.7,53087.24
2026-09-04,Eficiência Energética,45000.0,54,989.7,8.9,7.45,54235.8
2026-09-04,Eficiência Energética,45000.0,60,908.14,8.9,7.5,55280.4
2026-09-04,Eficiência Energética,45000.0,66,841.81,8.9,7.55,56351.46
2026-09-04,Eficiência Energética,45000.0,72,786.89,8.9,7.6,57448.08
2026-09-04,Eficiência Energética,45000.0,78,740.77,8.9,7.65,58572.06
2026-09-04,Eficiência Energética,45000.0,84,701.56,8.9,7.7,59723.04
2026-09-04,Eficiência Energética,50000.0,54,1099.66,8.9,7.45,60261.64
2026-09-04,Eficiência Energética,50000.0,60,1009.05,8.9,7.5,61423.0
2026-09-04,Eficiência Energética,50000.0,66,935.34,8.9,7.55,62612.44
2026-09-04,Eficiência Energética,50000.0,72,874.33,8.9,7.6,63831.76
2026-09-04,Eficiência Energética,50000.0,78,823.08,8.9,7.65,65080.24
2026-09-04,Eficiência Energética,50000.0,84,779.52,8.9,7.7,66359.68
